"","V1","FFL","No_FFL","NonPl_X"
"1","cfa",1,0,0
"2","yeaQ",0,1,0
"3","ompC",1,0,0
"4","slp",1,0,0
"5","hdeB",1,0,0
"6","hdeD",1,0,0
"7","osmY",1,0,0
"8","cbpA",1,0,0
"9","hdeA",1,0,0
"10","yahO",0,1,0
"11","yccJ",1,0,0
"12","asr",1,0,0
"13","ydiZ",0,1,0
"14","yebV",0,1,0
"15","yhiM",1,0,0
"16","wrbA",1,0,0
"17","ycaC",1,0,0
"18","gadB",1,0,0
"19","gadA",1,0,0
"20","yiaG",1,0,0
"21","dps",1,0,0
"22","ybaT",1,0,0
"23","aceK",1,0,0
"24","acnA",1,0,0
"25","add",1,0,0
"26","ahpF",1,0,0
"27","alaT",1,0,0
"28","alaU",1,0,0
"29","aroA",1,0,0
"30","aroH",0,1,0
"31","aroP",1,0,0
"32","bcsE",0,1,0
"33","cyaA",1,0,0
"34","cyoB",1,0,0
"35","dadA",1,0,0
"36","dadX",1,0,0
"37","acrR",1,0,0
"38","atpH",1,0,0
"39","bax",0,1,0
"40","bioB",0,1,0
"41","borD",1,0,0
"42","btuB",1,0,0
"43","cirA",1,0,0
"44","cpxA",1,0,0
"45","cpxR",1,0,0
"46","dcuR",1,0,0
"47","artM",1,0,0
"48","asnA",1,0,0
"49","aspA",1,0,0
"50","atpA",1,0,0
"51","atpB",1,0,0
"52","atpC",0,1,0
"53","atpD",0,1,0
"54","atpE",0,1,0
"55","atpF",0,1,0
"56","atpG",0,1,0
"57","atpI",1,0,0
"58","aer",1,0,0
"59","cca",0,1,0
"60","cdd",1,0,0
"61","cheA",1,0,0
"62","cheB",1,0,0
"63","cheR",1,0,0
"64","cheW",1,0,0
"65","cheY",1,0,0
"66","cheZ",1,0,0
"67","clpB",1,0,0
"68","clpX",1,0,0
"69","deoA",1,0,0
"70","deoB",1,0,0
"71","deoC",1,0,0
"72","deoD",1,0,0
"73","dapB",1,0,0
"74","dcyD",0,1,0
"75","edd",1,0,0
"76","eno",1,0,0
"77","fdoG",1,0,0
"78","fimA",1,0,0
"79","fimC",1,0,0
"80","fimI",1,0,0
"81","flgH",1,0,0
"82","flhA",1,0,0
"83","flhE",1,0,0
"84","fliP",1,0,0
"85","fliQ",1,0,0
"86","fliR",1,0,0
"87","fumA",1,0,0
"88","gapC",0,1,0
"89","dcuS",1,0,0
"90","dppC",1,0,0
"91","dusA",0,1,0
"92","eco",0,1,0
"93","fdhD",0,1,0
"94","fhuD",1,0,0
"95","folP",0,1,0
"96","frdA",1,0,0
"97","frdC",1,0,0
"98","ftnB",1,0,0
"99","fucI",1,0,0
"100","gcvH",1,0,0
"101","carA",1,0,0
"102","coaA",0,1,0
"103","codB",1,0,0
"104","cspD",1,0,0
"105","cvpA",1,0,0
"106","cydA",1,0,0
"107","cydB",1,0,0
"108","cydC",1,0,0
"109","cydD",1,0,0
"110","dnaJ",0,1,0
"111","dnaK",0,1,0
"112","dsbC",1,0,0
"113","fdoH",0,1,0
"114","flgB",1,0,0
"115","flgC",1,0,0
"116","flgD",1,0,0
"117","flgE",1,0,0
"118","flgF",1,0,0
"119","flgG",1,0,0
"120","flgI",1,0,0
"121","flgJ",1,0,0
"122","flgK",0,1,0
"123","flgL",0,1,0
"124","gatA",1,0,0
"125","gatB",1,0,0
"126","gatC",1,0,0
"127","gatD",1,0,0
"128","gatZ",1,0,0
"129","glcC",1,0,0
"130","gltA",1,0,0
"131","gltB",1,0,0
"132","gltD",1,0,0
"133","gpmA",1,0,0
"134","grxA",0,1,0
"135","gshA",0,1,0
"136","gshB",0,1,0
"137","hemB",1,0,0
"138","hsdR",0,1,0
"139","hsdS",0,1,0
"140","hslJ",1,0,0
"141","iap",0,1,0
"142","idi",0,1,0
"143","ispF",0,1,0
"144","kgtP",1,0,0
"145","lipA",0,1,0
"146","lldD",1,0,0
"147","lpxD",1,0,0
"148","lysC",1,0,0
"149","map",1,0,0
"150","marB",1,0,0
"151","marR",1,0,0
"152","mdaB",1,0,0
"153","mdtG",0,1,0
"154","menF",0,1,0
"155","metN",1,0,0
"156","mltC",0,1,0
"157","mqo",1,0,0
"158","murE",1,0,0
"159","murF",1,0,0
"160","nfsA",1,0,0
"161","nuoC",1,0,0
"162","nuoN",1,0,0
"163","pdhR",1,0,0
"164","pdxY",0,1,0
"165","proP",1,0,0
"166","rbsA",1,0,0
"167","rbsC",1,0,0
"168","rcsA",1,0,0
"169","rimI",0,1,0
"170","rpoE",1,0,0
"171","rseA",1,0,0
"172","rseB",1,0,0
"173","sdhA",1,0,0
"174","sdhB",1,0,0
"175","serV",0,1,0
"176","gcvT",1,0,0
"177","glgS",1,0,0
"178","glpA",1,0,0
"179","hflC",1,0,0
"180","hflK",1,0,0
"181","hflX",1,0,0
"182","htpX",1,0,0
"183","ilvB",1,0,0
"184","ilvG",0,1,0
"185","ilvN",1,0,0
"186","ivbL",1,0,0
"187","katG",1,0,0
"188","maa",0,1,0
"189","manX",1,0,0
"190","mhpC",1,0,0
"191","miaA",1,0,0
"192","mutL",1,0,0
"193","nadA",0,1,0
"194","nmpC",0,1,0
"195","nrdD",1,0,0
"196","nrdG",1,0,0
"197","yjdM",0,1,0
"198","pitA",1,0,0
"199","pntA",1,0,0
"200","ppiA",1,0,0
"201","pppA",0,1,0
"202","proV",1,0,0
"203","purD",1,0,0
"204","purL",1,0,0
"205","purN",1,0,0
"206","putA",1,0,0
"207","recR",0,1,0
"208","rpoH",1,0,0
"209","rzpD",0,1,0
"210","sdaB",0,1,0
"211","sdaC",0,1,0
"212","secD",0,1,0
"213","dedA",0,1,0
"214","dinI",1,0,0
"215","dinJ",1,0,0
"216","eptB",1,0,0
"217","fadL",1,0,0
"218","folD",0,1,0
"219","fucR",1,0,0
"220","glmU",0,1,0
"221","glpB",1,0,0
"222","glpC",1,0,0
"223","flgM",1,0,0
"224","flgN",1,0,0
"225","fliA",1,0,0
"226","fliC",1,0,0
"227","fliD",1,0,0
"228","fliE",1,0,0
"229","fliF",1,0,0
"230","fliG",1,0,0
"231","fliH",1,0,0
"232","fliI",1,0,0
"233","fliJ",1,0,0
"234","fliK",1,0,0
"235","fliL",1,0,0
"236","fliM",1,0,0
"237","fliN",1,0,0
"238","fliO",1,0,0
"239","glpX",1,0,0
"240","glyA",1,0,0
"241","hisF",1,0,0
"242","hisH",1,0,0
"243","hisI",1,0,0
"244","hisJ",1,0,0
"245","ispE",0,1,0
"246","malT",1,0,0
"247","fliS",1,0,0
"248","fliT",1,0,0
"249","fliZ",1,0,0
"250","galM",1,0,0
"251","gdhA",1,0,0
"252","yhgH",1,0,0
"253","groL",1,0,0
"254","groS",1,0,0
"255","grpE",1,0,0
"256","hslO",0,1,0
"257","hslU",0,1,0
"258","hslV",0,1,0
"259","htpG",1,0,0
"260","ygiM",1,0,0
"261","osmB",1,0,0
"262","potD",0,1,0
"263","purA",1,0,0
"264","purC",1,0,0
"265","purH",1,0,0
"266","purK",1,0,0
"267","purM",1,0,0
"268","pyrB",0,1,0
"269","pyrC",1,0,0
"270","pyrL",1,0,0
"271","lipB",1,0,0
"272","lon",1,0,0
"273","modB",1,0,0
"274","motA",1,0,0
"275","motB",1,0,0
"276","nhaB",0,1,0
"277","nlpA",1,0,0
"278","nupG",1,0,0
"279","ompT",1,0,0
"280","prlC",0,1,0
"281","rbsB",1,0,0
"282","rbsD",1,0,0
"283","rbsK",1,0,0
"284","ymcE",0,1,0
"285","sthA",1,0,0
"286","sucA",1,0,0
"287","sucD",1,0,0
"288","tas",0,1,0
"289","tehA",0,1,0
"290","thrC",1,0,0
"291","trpB",1,0,0
"292","uspD",1,0,0
"293","xseA",1,0,0
"294","yagU",1,0,0
"295","ybaK",0,1,0
"296","ybfD",0,1,0
"297","ybjC",1,0,0
"298","tatD",0,1,0
"299","tgt",0,1,0
"300","tnaB",1,0,0
"301","tnaC",1,0,0
"302","treB",1,0,0
"303","treC",1,0,0
"304","ubiB",0,1,0
"305","yagE",0,1,0
"306","yajC",0,1,0
"307","ybaL",0,1,0
"308","ybfA",0,1,0
"309","ybjN",1,0,0
"310","ycfP",0,1,0
"311","ydgD",0,1,0
"312","ydiH",0,1,0
"313","yecD",0,1,0
"314","yejG",1,0,0
"315","yfcA",0,1,0
"316","yfcD",0,1,0
"317","yfcE",0,1,0
"318","yfjF",0,1,0
"319","ygbE",0,1,0
"320","yccA",1,0,0
"321","ydhF",0,1,0
"322","ygaH",0,1,0
"323","ygaZ",0,1,0
"324","ygdR",0,1,0
"325","yghG",0,1,0
"326","yghJ",0,1,0
"327","ygiB",1,0,0
"328","ygdQ",0,1,0
"329","ygiW",0,1,0
"330","yhcN",0,1,0
"331","yheO",0,1,0
"332","yieE",1,0,0
"333","yieF",0,1,0
"334","yigI",1,0,0
"335","yjeM",1,0,0
"336","yjjU",0,1,0
"337","ykgA",0,1,0
"338","ylaC",0,1,0
"339","yncD",0,1,0
"340","yodC",0,1,0
"341","yraQ",0,1,0
"342","yhaL",0,1,0
"343","yhiI",0,1,0
"344","yjiA",0,1,0
"345","yjiX",0,1,0
"346","ykfF",0,1,0
"347","ylbF",0,1,0
"348","yncE",1,0,0
"349","yqjA",1,0,0
"350","yqjC",0,1,0
"351","yqjD",0,1,0
"352","ytfJ",1,0,0
"353","recA",0,1,0
"354","rnk",0,1,0
"355","serU",0,1,0
"356","slt",1,0,0
"357","speA",1,0,0
"358","speD",0,1,0
"359","spy",1,0,0
"360","tatA",0,1,0
"361","tatB",0,1,0
"362","ubiE",0,1,0
"363","uvrY",1,0,0
"364","yciB",0,1,0
"365","yciC",0,1,0
"366","yciI",0,1,0
"367","yebE",1,0,0
"368","ygiC",1,0,0
"369","yihA",0,1,0
"370","yijD",0,1,0
"371","ynfD",0,1,0
"372","yqaE",1,0,0
"373","yqgB",0,1,0
"374","speG",1,0,0
"375","srlA",1,0,0
"376","srlB",1,0,0
"377","srlD",1,0,0
"378","srlE",1,0,0
"379","srlR",1,0,0
"380","tap",1,0,0
"381","tar",1,0,0
"382","tsr",1,0,0
"383","tsx",1,0,0
"384","udp",1,0,0
"385","yafE",0,1,0
"386","yafY",0,1,0
"387","ybeX",1,0,0
"388","ybeY",0,1,0
"389","ybeZ",0,1,0
"390","ybiX",0,1,0
"391","ybjX",1,0,0
"392","ycgR",1,0,0
"393","ycjX",0,1,0
"394","yeaD",1,0,0
"395","yebW",0,1,0
"396","yecR",1,0,0
"397","yeeR",0,1,0
"398","yffB",1,0,0
"399","ygiS",0,1,0
"400","yhhQ",0,1,0
"401","yiaD",0,1,0
"402","ykfB",0,1,0
"403","ymdA",1,0,0
"404","yneE",0,1,0
"405","ynfB",1,0,0
"406","zntR",1,0,0
"407","allA",0,1,0
"408","cdh",0,1,0
"409","dnaA",1,0,0
"410","dnaN",1,0,0
"411","entE",1,0,0
"412","fecA",1,0,0
"413","fecB",1,0,0
"414","fecC",1,0,0
"415","fecD",1,0,0
"416","fecE",1,0,0
"417","fepA",1,0,0
"418","fhuC",1,0,0
"419","frwB",0,1,0
"420","ftsA",1,0,0
"421","ftsQ",1,0,0
"422","fucK",1,0,0
"423","galK",1,0,0
"424","gntT",1,0,0
"425","gpmM",1,0,0
"426","gpsA",1,0,0
"427","hrpB",0,1,0
"428","hslR",0,1,0
"429","hupA",1,0,0
"430","hybA",1,0,0
"431","idnT",1,0,0
"432","lnt",0,1,0
"433","lpxB",0,1,0
"434","malF",1,0,0
"435","malG",1,0,0
"436","malK",1,0,0
"437","malM",1,0,0
"438","malP",1,0,0
"439","malQ",1,0,0
"440","mdlB",0,1,0
"441","menA",1,0,0
"442","mltB",0,1,0
"443","modC",1,0,0
"444","murG",1,0,0
"445","napC",1,0,0
"446","narY",0,1,0
"447","nrdF",1,0,0
"448","pflC",0,1,0
"449","pheA",0,1,0
"450","phoB",1,0,0
"451","phoU",1,0,0
"452","aceE",1,0,0
"453","acnB",1,0,0
"454","adk",0,1,0
"455","ahpC",1,0,0
"456","aldA",1,0,0
"457","apaG",1,0,0
"458","argS",1,0,0
"459","aspC",1,0,0
"460","avtA",0,1,0
"461","can",1,0,0
"462","wzzB",0,1,0
"463","cyoA",1,0,0
"464","cyoC",1,0,0
"465","cyoD",1,0,0
"466","cyoE",1,0,0
"467","cysZ",0,1,0
"468","dld",0,1,0
"469","dsbB",0,1,0
"470","emrA",0,1,0
"471","fabI",0,1,0
"472","fadR",1,0,0
"473","fdx",0,1,0
"474","fnr",1,0,0
"475","folE",1,0,0
"476","fpr",1,0,0
"477","galF",0,1,0
"478","ghrA",0,1,0
"479","glf",0,1,0
"480","gloA",1,0,0
"481","gltX",1,0,0
"482","gmhA",1,0,0
"483","gnd",1,0,0
"484","gpt",1,0,0
"485","guaA",1,0,0
"486","hha",1,0,0
"487","hpt",1,0,0
"488","iadA",0,1,0
"489","insA1",0,1,0
"490","insA2",0,1,0
"491","kdsA",1,0,0
"492","kdsB",0,1,0
"493","lgt",0,1,0
"494","lldP",1,0,0
"495","lysP",1,0,0
"496","mdtJ",1,0,0
"497","mdtL",0,1,0
"498","menB",0,1,0
"499","mepA",0,1,0
"500","metG",0,1,0
"501","metK",1,0,0
"502","miaB",0,1,0
"503","mipA",0,1,0
"504","mreB",1,0,0
"505","mrp",0,1,0
"506","mtn",1,0,0
"507","nadE",1,0,0
"508","ndh",1,0,0
"509","ndk",0,1,0
"510","nemA",1,0,0
"511","nuoG",1,0,0
"512","nuoH",1,0,0
"513","nuoI",1,0,0
"514","nuoJ",1,0,0
"515","nuoK",1,0,0
"516","nuoL",1,0,0
"517","ompR",1,0,0
"518","oppB",1,0,0
"519","oppC",1,0,0
"520","oppD",1,0,0
"521","oppF",1,0,0
"522","pal",1,0,0
"523","pdxH",0,1,0
"524","pepB",0,1,0
"525","pepN",0,1,0
"526","pepP",0,1,0
"527","pmrD",0,1,0
"528","psiF",1,0,0
"529","pstA",1,0,0
"530","pstB",1,0,0
"531","pstC",1,0,0
"532","pstS",1,0,0
"533","rne",0,1,0
"534","tdcB",1,0,0
"535","tdcC",1,0,0
"536","trkA",0,1,0
"537","ulaE",1,0,0
"538","ulaR",0,1,0
"539","pflA",0,1,0
"540","pgi",1,0,0
"541","pheM",1,0,0
"542","pncB",1,0,0
"543","ppsA",1,0,0
"544","ppx",1,0,0
"545","proC",0,1,0
"546","ptsG",1,0,0
"547","ptsH",1,0,0
"548","ptsI",1,0,0
"549","purU",1,0,0
"550","pyrG",0,1,0
"551","rcsB",1,0,0
"552","relA",1,0,0
"553","rfbC",0,1,0
"554","rfbD",0,1,0
"555","rfe",1,0,0
"556","rhlB",0,1,0
"557","uxaC",1,0,0
"558","yagF",0,1,0
"559","ybaV",0,1,0
"560","ybjG",0,1,0
"561","ycdZ",1,0,0
"562","ycjF",0,1,0
"563","ycjO",0,1,0
"564","yddB",0,1,0
"565","yghD",0,1,0
"566","rho",0,1,0
"567","ribA",1,0,0
"568","rmf",1,0,0
"569","rnb",0,1,0
"570","rnt",0,1,0
"571","rsd",1,0,0
"572","rsuA",0,1,0
"573","sdhC",1,0,0
"574","sdhD",1,0,0
"575","serC",1,0,0
"576","sfsB",1,0,0
"577","sppA",0,1,0
"578","sra",1,0,0
"579","surA",0,1,0
"580","tatE",0,1,0
"581","tehB",0,1,0
"582","tolB",1,0,0
"583","tolQ",0,1,0
"584","tpiA",1,0,0
"585","yhdT",0,1,0
"586","yhfS",0,1,0
"587","yhfU",0,1,0
"588","yhgE",0,1,0
"589","yicG",0,1,0
"590","yihF",0,1,0
"591","yjaB",0,1,0
"592","yjeJ",0,1,0
"593","yjfL",0,1,0
"594","yjgM",0,1,0
"595","ubiH",0,1,0
"596","xerC",0,1,0
"597","yadG",0,1,0
"598","yadH",0,1,0
"599","yaiA",1,0,0
"600","ybgC",0,1,0
"601","ybhB",0,1,0
"602","ycaR",0,1,0
"603","ycdX",0,1,0
"604","ycdY",0,1,0
"605","ychH",1,0,0
"606","ychJ",0,1,0
"607","ydfG",0,1,0
"608","yeaC",0,1,0
"609","yeaK",0,1,0
"610","yeeN",0,1,0
"611","yjhD",0,1,0
"612","ykgF",0,1,0
"613","ymdB",1,0,0
"614","yoaE",0,1,0
"615","yohK",0,1,0
"616","yqfA",0,1,0
"617","yrfG",0,1,0
"618","yeeZ",0,1,0
"619","yehS",0,1,0
"620","yeiG",0,1,0
"621","yfaE",1,0,0
"622","yfcZ",1,0,0
"623","yfdG",0,1,0
"624","yfdI",0,1,0
"625","yfjW",0,1,0
"626","ygdI",0,1,0
"627","yhjR",1,0,0
"628","yieP",0,1,0
"629","yjbQ",1,0,0
"630","aidB",1,0,0
"631","ssuD",1,0,0
"632","tauA",1,0,0
"633","tauB",1,0,0
"634","tauC",1,0,0
"635","csgA",1,0,0
"636","csgD",1,0,0
"637","csgE",1,0,0
"638","csgF",1,0,0
"639","csgG",1,0,0
"640","iraP",1,0,0
"641","tcyJ",1,0,0
"642","yccT",1,0,0
"643","gadC",1,0,0
"644","gadE",1,0,0
"645","gadF",1,0,0
"646","gadX",1,0,0
"647","mdtE",1,0,0
"648","mdtF",1,0,0
"649","yhiD",1,0,0
"650","dctR",1,0,0
"651","glsA",1,0,0
"652","rpoS",1,0,0
"653","mcbA",1,0,0
"654","yciE",1,0,0
"655","yciF",1,0,0
"656","yciG",1,0,0
"657","metE",1,0,0
"658","metR",1,0,0
"659","prpB",1,0,0
"660","prpC",1,0,0
"661","prpD",1,0,0
"662","prpR",1,0,0
"663","adiA",1,0,0
"664","appC",1,0,0
"665","appX",1,0,0
"666","hyaA",1,0,0
"667","hyaB",1,0,0
"668","hyaC",1,0,0
"669","hyaD",1,0,0
"670","hyaE",1,0,0
"671","hyaF",1,0,0
"672","araA",1,0,0
"673","araB",1,0,0
"674","araC",1,0,0
"675","araF",1,0,0
"676","caiA",1,0,0
"677","ttdR",1,0,0
"678","mlrA",1,0,0
"679","galS",1,0,0
"680","mglA",1,0,0
"681","mglB",1,0,0
"682","mglC",1,0,0
"683","glcA",1,0,0
"684","glcB",1,0,0
"685","glcD",1,0,0
"686","glcE",1,0,0
"687","glcF",1,0,0
"688","glcG",1,0,0
"689","hcaR",0,1,0
"690","iscR",1,0,0
"691","nrdE",1,0,0
"692","nrdH",1,0,0
"693","nrdI",1,0,0
"694","sufA",1,0,0
"695","sufB",1,0,0
"696","sufC",1,0,0
"697","sufD",1,0,0
"698","sufE",1,0,0
"699","sufS",1,0,0
"700","mhpA",1,0,0
"701","fdhF",1,0,0
"702","fdnG",1,0,0
"703","fdnH",1,0,0
"704","fdnI",1,0,0
"705","hcp",1,0,0
"706","hcr",1,0,0
"707","nirB",1,0,0
"708","nirD",1,0,0
"709","nrfA",1,0,0
"710","nrfB",1,0,0
"711","nrfC",1,0,0
"712","nrfD",1,0,0
"713","ytfE",1,0,0
"714","amtB",1,0,0
"715","argT",1,0,0
"716","ddpA",1,0,0
"717","ddpB",1,0,0
"718","ddpD",1,0,0
"719","ddpX",1,0,0
"720","glnA",1,0,0
"721","glnG",1,0,0
"722","glnK",1,0,0
"723","glnL",1,0,0
"724","hisM",1,0,0
"725","hisP",1,0,0
"726","patA",1,0,0
"727","potF",1,0,0
"728","potG",1,0,0
"729","potH",1,0,0
"730","potI",1,0,0
"731","yhdW",0,1,0
"732","pdeL",1,0,0
"733","prpE",1,0,0
"734","appA",1,0,0
"735","appB",1,0,0
"736","betA",1,0,0
"737","betB",1,0,0
"738","betI",1,0,0
"739","caiD",1,0,0
"740","lldR",1,0,0
"741","fumB",1,0,0
"742","hybE",1,0,0
"743","hybB",1,0,0
"744","dmsA",1,0,0
"745","hybF",1,0,0
"746","hybO",1,0,0
"747","tdcE",1,0,0
"748","clpA",0,1,0
"749","entF",1,0,0
"750","tdcD",1,0,0
"751","lysU",1,0,0
"752","ynfG",1,0,0
"753","pepE",0,1,0
"754","ansB",1,0,0
"755","ydcZ",0,1,0
"756","hypA",1,0,0
"757","tdcF",1,0,0
"758","phoH",1,0,0
"759","hybD",1,0,0
"760","ynfF",1,0,0
"761","tonB",0,1,0
"762","hybC",1,0,0
"763","hypB",1,0,0
"764","dcuB",1,0,0
"765","frdB",1,0,0
"766","hypC",1,0,0
"767","rsxE",0,1,0
"768","ybdZ",1,0,0
"769","leuA",1,0,0
"770","clpS",1,0,0
"771","icd",1,0,0
"772","sodA",1,0,0
"773","fis",1,0,0
"774","tdcA",1,0,0
"775","frdD",1,0,0
"776","hypD",1,0,0
"777","ydhV",1,0,0
"778","dmsB",1,0,0
"779","entB",1,0,0
"780","fhuF",1,0,0
"781","dcuA",1,0,0
"782","pgl",0,1,0
"783","dmsD",1,0,0
"784","ydjA",0,1,0
"785","fepB",1,0,0
"786","yhbW",1,0,0
"787","mdtI",1,0,0
"788","fsr",0,1,0
"789","kbl",1,0,0
"790","kefB",0,1,0
"791","serA",1,0,0
"792","glpQ",1,0,0
"793","metJ",1,0,0
"794","yceI",1,0,0
"795","smg",0,1,0
"796","ulaC",1,0,0
"797","ynfE",1,0,0
"798","ompW",1,0,0
"799","efeO",0,1,0
"800","yqiA",0,1,0
"801","gltI",1,0,0
"802","dcuC",1,0,0
"803","yfeC",0,1,0
"804","leuD",1,0,0
"805","ycgM",0,1,0
"806","hybG",1,0,0
"807","fes",1,0,0
"808","entA",1,0,0
"809","yoaB",0,1,0
"810","yjjI",0,1,0
"811","ogt",1,0,0
"812","mntH",1,0,0
"813","leuC",1,0,0
"814","shiA",1,0,0
"815","leuB",1,0,0
"816","gcvR",0,1,0
"817","entC",1,0,0
"818","ravA",1,0,0
"819","selA",0,1,0
"820","efeU",0,1,0
"821","ispU",0,1,0
"822","msrA",1,0,0
"823","fadE",1,0,0
"824","ugpC",1,0,0
"825","manZ",1,0,0
"826","ccmD",1,0,0
"827","ydhY",1,0,0
"828","yhjE",1,0,0
"829","fepC",1,0,0
"830","mgsA",0,1,0
"831","sucC",1,0,0
"832","hypE",1,0,0
"833","csrD",0,1,0
"834","pykA",1,0,0
"835","yaeP",0,1,0
"836","trmA",1,0,0
"837","pepD",1,0,0
"838","yciH",1,0,0
"839","galT",1,0,0
"840","yhdH",0,1,0
"841","ynfH",1,0,0
"842","sodB",1,0,0
"843","sstT",1,0,0
"844","nadB",0,1,0
"845","ybjI",0,1,0
"846","purT",1,0,0
"847","fdoI",0,1,0
"848","exbB",1,0,0
"849","yebZ",0,1,0
"850","pnuC",0,1,0
"851","rutE",1,0,0
"852","yeiE",0,1,0
"853","moeA",1,0,0
"854","melA",1,0,0
"855","ilvE",1,0,0
"856","yddA",0,1,0
"857","cysE",1,0,0
"858","sanA",0,1,0
"859","manY",1,0,0
"860","hisQ",1,0,0
"861","dfp",0,1,0
"862","ydiP",0,1,0
"863","ycjY",0,1,0
"864","tdh",1,0,0
"865","ybjJ",0,1,0
"866","yhfK",0,1,0
"867","yibQ",1,0,0
"868","ccmF",1,0,0
"869","nth",0,1,0
"870","recC",1,0,0
"871","aegA",0,1,0
"872","rpsQ",1,0,0
"873","fepD",1,0,0
"874","yfeD",0,1,0
"875","aqpZ",0,1,0
"876","gltL",1,0,0
"877","cycA",1,0,0
"878","aroF",1,0,0
"879","gcvP",1,0,0
"880","yebY",0,1,0
"881","mutM",1,0,0
"882","mdtC",1,0,0
"883","exbD",1,0,0
"884","ydhW",1,0,0
"885","crl",0,1,0
"886","znuB",1,0,0
"887","torD",1,0,0
"888","gltP",1,0,0
"889","agaV",1,0,0
"890","sucB",1,0,0
"891","yafD",1,0,0
"892","ilvM",1,0,0
"893","cdsA",0,1,0
"894","pyrD",1,0,0
"895","glgC",1,0,0
"896","amn",1,0,0
"897","uhpB",0,1,0
"898","ybhG",0,1,0
"899","pck",1,0,0
"900","rimJ",0,1,0
"901","iscA",1,0,0
"902","chaA",1,0,0
"903","ydhR",0,1,0
"904","pflB",1,0,0
"905","ydgJ",0,1,0
"906","acs",1,0,0
"907","asd",1,0,0
"908","tpx",1,0,0
"909","emrD",1,0,0
"910","yjjP",1,0,0
"911","ydiE",0,1,0
"912","glgA",1,0,0
"913","yqaB",0,1,0
"914","ais",0,1,0
"915","aroD",1,0,0
"916","yiiQ",0,1,0
"917","napH",1,0,0
"918","ccmH",1,0,0
"919","ybiV",0,1,0
"920","efp",0,1,0
"921","hemD",0,1,0
"922","pykF",1,0,0
"923","efeB",0,1,0
"924","uspE",1,0,0
"925","ilvI",1,0,0
"926","glpK",1,0,0
"927","eda",1,0,0
"928","pheP",0,1,0
"929","cysK",1,0,0
"930","napF",1,0,0
"931","ynaJ",0,1,0
"932","torA",1,0,0
"933","nanE",1,0,0
"934","thiD",0,1,0
"935","ydhP",0,1,0
"936","galP",1,0,0
"937","yojI",1,0,0
"938","osmC",1,0,0
"939","cadA",1,0,0
"940","yhbS",0,1,0
"941","msrB",1,0,0
"942","ung",1,0,0
"943","zraR",1,0,0
"944","trmH",1,0,0
"945","ybaN",0,1,0
"946","trpA",1,0,0
"947","brnQ",0,1,0
"948","envC",1,0,0
"949","galE",1,0,0
"950","fumC",1,0,0
"951","bfd",0,1,0
"952","yjjW",0,1,0
"953","crr",1,0,0
"954","xseB",0,1,0
"955","wzzE",1,0,0
"956","moaB",1,0,0
"957","slyB",0,1,0
"958","fhuE",1,0,0
"959","hmp",1,0,0
"960","yfeX",0,1,0
"961","gltK",1,0,0
"962","yedE",0,1,0
"963","putP",1,0,0
"964","speC",1,0,0
"965","menC",0,1,0
"966","moaE",1,0,0
"967","exuT",1,0,0
"968","ybjM",0,1,0
"969","iscU",1,0,0
"970","ilvC",1,0,0
"971","ybiT",1,0,0
"972","phoA",1,0,0
"973","yceH",0,1,0
"974","ulaD",1,0,0
"975","napA",1,0,0
"976","cusR",1,0,0
"977","ispA",0,1,0
"978","pldB",0,1,0
"979","yceB",0,1,0
"980","yjaH",0,1,0
"981","dsbA",1,0,0
"982","kefG",0,1,0
"983","adhE",1,0,0
"984","fepG",1,0,0
"985","nrdR",0,1,0
"986","pqqL",0,1,0
"987","ftsZ",1,0,0
"988","glnH",1,0,0
"989","ypeC",0,1,0
"990","yqhD",1,0,0
"991","glnD",1,0,0
"992","thiM",0,1,0
"993","aroG",1,0,0
"994","idnO",1,0,0
"995","idnD",1,0,0
"996","idnK",1,0,0
"997","idnR",1,0,0
"998","gntU",1,0,0
"999","cspG",0,1,0
"1000","gntK",1,0,0
"1001","yjgR",0,1,0
"1002","yjjZ",1,0,0
"1003","flhC",1,0,0
"1004","alr",0,1,0
"1005","glpF",1,0,0
"1006","yddH",0,1,0
"1007","cspA",1,0,0
"1008","glpT",1,0,0
"1009","codA",1,0,0
"1010","flhD",1,0,0
"1011","metQ",1,0,0
"1012","mcrB",0,1,0
"1013","garR",1,0,0
"1014","metI",1,0,0
"1015","malZ",0,1,0
"1016","ykgM",0,1,0
"1017","kdgK",0,1,0
"1018","zraP",1,0,0
"1019","pspC",1,0,0
"1020","pspD",1,0,0
"1021","pspA",1,0,0
"1022","pspB",1,0,0
"1023","yjiN",0,1,0
"1024","zwf",1,0,0
"1025","dapE",0,1,0
"1026","secE",0,1,0
"1027","yebK",0,1,0
"1028","ompX",1,0,0
"1029","fabH",1,0,0
"1030","yifK",0,1,0
"1031","uup",0,1,0
"1032","pyrH",0,1,0
"1033","argI",1,0,0
"1034","speE",0,1,0
"1035","rplU",1,0,0
"1036","rplY",1,0,0
"1037","ldrD",0,1,0
"1038","yegD",0,1,0
"1039","yddJ",0,1,0
"1040","caiT",1,0,0
"1041","alaS",0,1,0
"1042","nusG",0,1,0
"1043","dnaB",0,1,0
"1044","era",0,1,0
"1045","rplL",0,1,0
"1046","plsX",0,1,0
"1047","lyxK",1,0,0
"1048","yceD",0,1,0
"1049","nadR",0,1,0
"1050","rep",1,0,0
"1051","rplJ",0,1,0
"1052","yiaK",1,0,0
"1053","glpD",1,0,0
"1054","pabB",0,1,0
"1055","gudP",0,1,0
"1056","malI",1,0,0
"1057","serB",0,1,0
"1058","trmD",1,0,0
"1059","yhiN",0,1,0
"1060","rpsN",1,0,0
"1061","rpmB",0,1,0
"1062","rplN",1,0,0
"1063","mreD",1,0,0
"1064","sgbU",1,0,0
"1065","tyrS",0,1,0
"1066","modF",0,1,0
"1067","coaE",0,1,0
"1068","inaA",1,0,0
"1069","rpmH",0,1,0
"1070","cytR",0,1,0
"1071","potA",0,1,0
"1072","deaD",1,0,0
"1073","rplE",1,0,0
"1074","pyrE",0,1,0
"1075","sgbE",1,0,0
"1076","rpsS",1,0,0
"1077","aroL",1,0,0
"1078","rph",0,1,0
"1079","rplS",1,0,0
"1080","speB",1,0,0
"1081","cobT",1,0,0
"1082","stpA",1,0,0
"1083","copA",1,0,0
"1084","proQ",0,1,0
"1085","thiI",0,1,0
"1086","guaB",1,0,0
"1087","tdcG",1,0,0
"1088","upp",1,0,0
"1089","cueO",0,1,0
"1090","rplA",0,1,0
"1091","rpsA",1,0,0
"1092","lamB",1,0,0
"1093","rluA",0,1,0
"1094","rpsO",1,0,0
"1095","pcnB",1,0,0
"1096","ldrA",0,1,0
"1097","hokD",1,0,0
"1098","rhlE",0,1,0
"1099","yhbE",1,0,0
"1100","rplM",1,0,0
"1101","rplD",1,0,0
"1102","rplF",1,0,0
"1103","yidC",0,1,0
"1104","recO",0,1,0
"1105","wecB",1,0,0
"1106","rpsD",1,0,0
"1107","rpsI",1,0,0
"1108","secA",0,1,0
"1109","rpoA",1,0,0
"1110","dbpA",0,1,0
"1111","yihQ",0,1,0
"1112","rplO",1,0,0
"1113","rplP",1,0,0
"1114","hsdM",0,1,0
"1115","gutQ",1,0,0
"1116","hokB",0,1,0
"1117","rimM",1,0,0
"1118","rplV",1,0,0
"1119","rpmF",0,1,0
"1120","cmk",0,1,0
"1121","rplW",1,0,0
"1122","aroE",0,1,0
"1123","tilS",0,1,0
"1124","yebO",0,1,0
"1125","yihL",0,1,0
"1126","rnpA",0,1,0
"1127","yebC",0,1,0
"1128","pyrF",1,0,0
"1129","rpsK",1,0,0
"1130","gsk",0,1,0
"1131","queA",0,1,0
"1132","rpmD",1,0,0
"1133","rplK",0,1,0
"1134","rpsT",0,1,0
"1135","entD",1,0,0
"1136","ydcL",1,0,0
"1137","rpsE",1,0,0
"1138","prfB",0,1,0
"1139","argA",1,0,0
"1140","rpsF",1,0,0
"1141","yadC",0,1,0
"1142","lpxK",0,1,0
"1143","proX",1,0,0
"1144","rplQ",1,0,0
"1145","rpsH",1,0,0
"1146","fecR",1,0,0
"1147","yhdZ",1,0,0
"1148","thiL",1,0,0
"1149","rplX",1,0,0
"1150","aroM",1,0,0
"1151","yhgF",0,1,0
"1152","ilvH",1,0,0
"1153","rpmC",1,0,0
"1154","yjfC",0,1,0
"1155","rpsG",0,1,0
"1156","cusC",1,0,0
"1157","prmA",0,1,0
"1158","rpsJ",1,0,0
"1159","bipA",0,1,0
"1160","feoB",1,0,0
"1161","ldrC",0,1,0
"1162","ydiY",0,1,0
"1163","rplB",1,0,0
"1164","rffG",1,0,0
"1165","soxS",1,0,0
"1166","yjjG",0,1,0
"1167","yajR",0,1,0
"1168","infA",1,0,0
"1169","ycaO",0,1,0
"1170","purR",1,0,0
"1171","ascF",1,0,0
"1172","wecC",1,0,0
"1173","pheS",1,0,0
"1174","potB",0,1,0
"1175","coaD",0,1,0
"1176","rplI",1,0,0
"1177","rpsP",1,0,0
"1178","rpsM",1,0,0
"1179","mrcA",0,1,0
"1180","greA",1,0,0
"1181","murA",0,1,0
"1182","recG",1,0,0
"1183","rplC",1,0,0
"1184","parE",0,1,0
"1185","rplR",1,0,0
"1186","ygiQ",0,1,0
"1187","rpsC",1,0,0
"1188","fhuB",1,0,0
"1189","ybfE",1,0,0
"1190","cysM",1,0,0
"1191","rluC",0,1,0
"1192","proB",0,1,0
"1193","mhpB",1,0,0
"1194","spoT",1,0,0
"1195","rpsB",0,1,0
"1196","narG",1,0,0
"1197","rpiB",1,0,0
"1198","yhdY",1,0,0
"1199","ydhL",0,1,0
"1200","fecI",1,0,0
"1201","purF",1,0,0
"1202","znuA",1,0,0
"1203","mutY",0,1,0
"1204","narH",1,0,0
"1205","suhB",0,1,0
"1206","hcaE",0,1,0
"1207","modA",1,0,0
"1208","yfcJ",0,1,0
"1209","mreC",1,0,0
"1210","lysS",0,1,0
"1211","lysA",1,0,0
"1212","frmR",0,1,0
"1213","mrdA",0,1,0
"1214","cysD",1,0,0
"1215","fusA",1,0,0
"1216","tig",0,1,0
"1217","priB",1,0,0
"1218","prfC",1,0,0
"1219","metF",1,0,0
"1220","thrA",1,0,0
"1221","yeiR",0,1,0
"1222","purB",1,0,0
"1223","yeiB",1,0,0
"1224","tsf",0,1,0
"1225","recQ",0,1,0
"1226","kdpA",1,0,0
"1227","cobS",0,1,0
"1228","yjeT",0,1,0
"1229","rpsR",1,0,0
"1230","gutM",1,0,0
"1231","ydiJ",0,1,0
"1232","ycfZ",0,1,0
"1233","ynjD",0,1,0
"1234","yfhL",0,1,0
"1235","narJ",1,0,0
"1236","apt",1,0,0
"1237","yieH",0,1,0
"1238","cysN",1,0,0
"1239","yqeB",0,1,0
"1240","yehX",1,0,0
"1241","rstA",1,0,0
"1242","yehY",1,0,0
"1243","yccF",0,1,0
"1244","cysU",1,0,0
"1245","fepE",1,0,0
"1246","yeaW",0,1,0
"1247","ynfM",0,1,0
"1248","yidD",0,1,0
"1249","eutG",0,1,0
"1250","holD",0,1,0
"1251","cysJ",1,0,0
"1252","ybgO",0,1,0
"1253","abgT",0,1,0
"1254","yaiW",1,0,0
"1255","abgB",0,1,0
"1256","yhfA",0,1,0
"1257","abgA",0,1,0
"1258","ykgG",0,1,0
"1259","ynjE",0,1,0
"1260","uraA",1,0,0
"1261","ygeV",0,1,0
"1262","yadI",0,1,0
"1263","mhpR",1,0,0
"1264","rbsR",1,0,0
"1265","yjfN",0,1,0
"1266","dhaK",1,0,0
"1267","dhaL",1,0,0
"1268","fruA",1,0,0
"1269","astA",1,0,0
"1270","astC",1,0,0
"1271","ybaE",0,1,0
"1272","ygfZ",0,1,0
"1273","astD",1,0,0
"1274","pflD",0,1,0
"1275","ybgI",0,1,0
"1276","yqeC",0,1,0
"1277","sdaA",1,0,0
"1278","ybeL",0,1,0
"1279","ykgE",1,0,0
"1280","tolA",0,1,0
"1281","yidF",0,1,0
"1282","ybhQ",0,1,0
"1283","yihX",0,1,0
"1284","yaiZ",0,1,0
"1285","yfdY",0,1,0
"1286","yieK",0,1,0
"1287","fadA",1,0,0
"1288","yajO",1,0,0
"1289","mltA",0,1,0
"1290","yhfZ",0,1,0
"1291","yahN",0,1,0
"1292","yniA",0,1,0
"1293","astB",1,0,0
"1294","smpB",0,1,0
"1295","rpmG",0,1,0
"1296","yfbU",0,1,0
"1297","cspI",0,1,0
"1298","uspA",1,0,0
"1299","bioH",0,1,0
"1300","dhaM",1,0,0
"1301","ygcN",0,1,0
"1302","ydhQ",1,0,0
"1303","dacC",1,0,0
"1304","hdfR",1,0,0
"1305","sfsA",1,0,0
"1306","mrr",0,1,0
"1307","yqeF",1,0,0
"1308","ugpB",1,0,0
"1309","yhjV",0,1,0
"1310","ynaE",0,1,0
"1311","glgX",1,0,0
"1312","panF",0,1,0
"1313","sseA",0,1,0
"1314","sbmA",1,0,0
"1315","srmB",0,1,0
"1316","hcaD",0,1,0
"1317","yecA",0,1,0
"1318","chaC",1,0,0
"1319","yfaQ",0,1,0
"1320","tus",0,1,0
"1321","yaeH",0,1,0
"1322","rng",0,1,0
"1323","malS",1,0,0
"1324","yqjE",0,1,0
"1325","yccX",0,1,0
"1326","degQ",0,1,0
"1327","yieL",0,1,0
"1328","ypeB",0,1,0
"1329","recB",0,1,0
"1330","nrfE",1,0,0
"1331","rseC",1,0,0
"1332","lpxA",1,0,0
"1333","tktB",1,0,0
"1334","fkpA",0,1,0
"1335","nusB",1,0,0
"1336","ydbK",1,0,0
"1337","yiiS",1,0,0
"1338","yhjG",0,1,0
"1339","grxB",0,1,0
"1340","yacL",1,0,0
"1341","ycjD",0,1,0
"1342","poxB",1,0,0
"1343","aldB",1,0,0
"1344","ybhC",0,1,0
"1345","arcA",0,1,0
"1346","infC",1,0,0
"1347","nadD",0,1,0
"1348","mscL",0,1,0
"1349","ycaQ",0,1,0
"1350","agp",0,1,0
"1351","pqiA",1,0,0
"1352","fadH",1,0,0
"1353","ybeM",0,1,0
"1354","fieF",0,1,0
"1355","yjeI",0,1,0
"1356","yhfY",0,1,0
"1357","ybhF",0,1,0
"1358","hdhA",0,1,0
"1359","yrdD",0,1,0
"1360","ycbZ",0,1,0
"1361","mutT",0,1,0
"1362","yrdB",0,1,0
"1363","yjdP",0,1,0
"1364","osmE",1,0,0
"1365","pinQ",0,1,0
"1366","lepA",0,1,0
"1367","rof",0,1,0
"1368","yqjG",0,1,0
"1369","treA",1,0,0
"1370","astE",1,0,0
"1371","yheT",0,1,0
"1372","elaB",1,0,0
"1373","ccmG",1,0,0
"1374","smf",0,1,0
"1375","ackA",1,0,0
"1376","ybjP",1,0,0
"1377","yhaH",0,1,0
"1378","nusA",1,0,0
"1379","lepB",0,1,0
"1380","ygbI",0,1,0
"1381","msyB",0,1,0
"1382","hofQ",0,1,0
"1383","rplT",1,0,0
"1384","rsmC",0,1,0
"1385","selD",0,1,0
"1386","nlpI",0,1,0
"1387","ychA",1,0,0
"1388","ytfK",1,0,0
"1389","emrB",0,1,0
"1390","narI",1,0,0
"1391","tatC",0,1,0
"1392","otsB",0,1,0
"1393","yhbY",0,1,0
"1394","ybjS",0,1,0
"1395","ybiB",0,1,0
"1396","yhhA",0,1,0
"1397","mcrC",0,1,0
"1398","bioC",0,1,0
"1399","rpsL",0,1,0
"1400","proS",0,1,0
"1401","sapB",0,1,0
"1402","yfcL",0,1,0
"1403","priA",0,1,0
"1404","yecE",0,1,0
"1405","yadS",1,0,0
"1406","nagA",1,0,0
"1407","mukE",1,0,0
"1408","yfcQ",0,1,0
"1409","cysQ",0,1,0
"1410","torT",0,1,0
"1411","yfiC",0,1,0
"1412","phoQ",1,0,0
"1413","holA",0,1,0
"1414","elaA",0,1,0
"1415","livG",1,0,0
"1416","tolR",0,1,0
"1417","atoS",0,1,0
"1418","fkpB",1,0,0
"1419","bolA",1,0,0
"1420","pnp",1,0,0
"1421","yfgJ",0,1,0
"1422","yhcO",0,1,0
"1423","prc",0,1,0
"1424","dkgA",1,0,0
"1425","narL",1,0,0
"1426","pepT",0,1,0
"1427","trg",1,0,0
"1428","fadB",1,0,0
"1429","aroC",0,1,0
"1430","aroB",1,0,0
"1431","holB",0,1,0
"1432","nrdB",1,0,0
"1433","secF",0,1,0
"1434","ydcJ",0,1,0
"1435","ydfK",1,0,0
"1436","yeaH",1,0,0
"1437","ygaM",0,1,0
"1438","bioA",0,1,0
"1439","melR",1,0,0
"1440","yejO",0,1,0
"1441","pta",1,0,0
"1442","sodC",1,0,0
"1443","ecnB",1,0,0
"1444","yeaO",0,1,0
"1445","fabA",1,0,0
"1446","ycgB",0,1,0
"1447","blc",1,0,0
"1448","fadD",1,0,0
"1449","yfcG",0,1,0
"1450","recJ",1,0,0
"1451","fbaB",1,0,0
"1452","ychF",1,0,0
"1453","pdxA",1,0,0
"1454","pyrI",0,1,0
"1455","slmA",0,1,0
"1456","rluD",0,1,0
"1457","xylE",1,0,0
"1458","yjdI",0,1,0
"1459","ydcI",0,1,0
"1460","rihB",0,1,0
"1461","ydbL",0,1,0
"1462","ldhA",1,0,0
"1463","ssuB",1,0,0
"1464","yggF",0,1,0
"1465","ytjA",0,1,0
"1466","yidE",0,1,0
"1467","rbfA",1,0,0
"1468","yjfY",0,1,0
"1469","yohJ",0,1,0
"1470","csgC",1,0,0
"1471","ynfN",0,1,0
"1472","ymgE",0,1,0
"1473","gspF",1,0,0
"1474","iclR",0,1,0
"1475","flgA",1,0,0
"1476","proW",1,0,0
"1477","flhB",1,0,0
"1478","csdA",0,1,0
"1479","ribF",0,1,0
"1480","yjdC",0,1,0
"1481","msbA",0,1,0
"1482","narX",1,0,0
"1483","aspS",0,1,0
"1484","asnS",0,1,0
"1485","otsA",0,1,0
"1486","ybdG",0,1,0
"1487","leuS",0,1,0
"1488","folC",0,1,0
"1489","hscB",0,1,0
"1490","parC",0,1,0
"1491","cof",0,1,0
"1492","yciK",0,1,0
"1493","ftsN",0,1,0
"1494","yciT",1,0,0
"1495","accA",1,0,0
"1496","ispH",1,0,0
"1497","rpoD",1,0,0
"1498","ansP",1,0,0
"1499","yhhS",0,1,0
"1500","ligA",0,1,0
"1501","pepA",0,1,0
"1502","trkH",0,1,0
"1503","sapA",0,1,0
"1504","cysS",1,0,0
"1505","topA",1,0,0
"1506","ynfC",0,1,0
"1507","ybaB",0,1,0
"1508","waaQ",0,1,0
"1509","sbcD",1,0,0
"1510","glmS",0,1,0
"1511","yheS",0,1,0
"1512","udk",0,1,0
"1513","nupC",1,0,0
"1514","glyQ",0,1,0
"1515","dsbD",0,1,0
"1516","hisS",0,1,0
"1517","rfbB",1,0,0
"1518","bcp",0,1,0
"1519","pspE",1,0,0
"1520","ybjL",0,1,0
"1521","nhaR",1,0,0
"1522","dsbG",1,0,0
"1523","ypjD",0,1,0
"1524","pheT",1,0,0
"1525","rpmA",1,0,0
"1526","waaG",1,0,0
"1527","fabF",0,1,0
"1528","ydbJ",0,1,0
"1529","waaA",1,0,0
"1530","menE",0,1,0
"1531","yobD",0,1,0
"1532","creB",1,0,0
"1533","narP",1,0,0
"1534","yciA",0,1,0
"1535","prfA",1,0,0
"1536","valS",1,0,0
"1537","yibN",1,0,0
"1538","dacA",0,1,0
"1539","recF",1,0,0
"1540","evgS",1,0,0
"1541","ileS",1,0,0
"1542","ispG",0,1,0
"1543","gyrA",1,0,0
"1544","yqaA",0,1,0
"1545","rfbA",0,1,0
"1546","yjjA",0,1,0
"1547","blr",0,1,0
"1548","katE",1,0,0
"1549","ibpA",1,0,0
"1550","lolB",0,1,0
"1551","yggT",0,1,0
"1552","ydgK",0,1,0
"1553","yccS",0,1,0
"1554","sspB",0,1,0
"1555","proY",0,1,0
"1556","yjeH",1,0,0
"1557","ybcI",0,1,0
"1558","acrD",1,0,0
"1559","holC",0,1,0
"1560","acpT",0,1,0
"1561","dacB",0,1,0
"1562","accB",1,0,0
"1563","dnaE",0,1,0
"1564","rdgC",0,1,0
"1565","yehM",0,1,0
"1566","usg",0,1,0
"1567","gudD",0,1,0
"1568","nrdA",1,0,0
"1569","ygeA",1,0,0
"1570","evgA",1,0,0
"1571","aat",0,1,0
"1572","rpsU",1,0,0
"1573","yfcO",1,0,0
"1574","ispD",0,1,0
"1575","tdk",0,1,0
"1576","aroK",1,0,0
"1577","aphA",0,1,0
"1578","truB",1,0,0
"1579","tyrP",1,0,0
"1580","trxC",1,0,0
"1581","purE",1,0,0
"1582","hycH",1,0,0
"1583","ibpB",1,0,0
"1584","glpG",0,1,0
"1585","ucpA",0,1,0
"1586","ygdD",0,1,0
"1587","fhuA",1,0,0
"1588","artQ",1,0,0
"1589","yqgF",0,1,0
"1590","sbmC",1,0,0
"1591","yfaA",0,1,0
"1592","hisA",1,0,0
"1593","yghW",0,1,0
"1594","ygbA",1,0,0
"1595","rnhB",0,1,0
"1596","waaC",1,0,0
"1597","infB",1,0,0
"1598","yceJ",1,0,0
"1599","yigL",1,0,0
"1600","frwC",0,1,0
"1601","dgoK",1,0,0
"1602","dgoA",1,0,0
"1603","ybgS",0,1,0
"1604","hcaB",0,1,0
"1605","recX",0,1,0
"1606","nac",1,0,0
"1607","yigB",0,1,0
"1608","appY",1,0,0
"1609","bioF",0,1,0
"1610","mtr",1,0,0
"1611","yaeF",0,1,0
"1612","bcsC",0,1,0
"1613","yegS",0,1,0
"1614","yigZ",0,1,0
"1615","exuR",1,0,0
"1616","yicH",0,1,0
"1617","fxsA",0,1,0
"1618","yciU",0,1,0
"1619","lexA",0,1,0
"1620","yfaS",0,1,0
"1621","yaaX",0,1,0
"1622","talA",1,0,0
"1623","galU",0,1,0
"1624","asnC",1,0,0
"1625","trpE",1,0,0
"1626","pfkB",1,0,0
"1627","fbp",0,1,0
"1628","bfr",1,0,0
"1629","ugpA",1,0,0
"1630","ascG",0,1,0
"1631","ybaY",0,1,0
"1632","sgcX",0,1,0
"1633","cadC",1,0,0
"1634","ydhK",0,1,0
"1635","yliI",0,1,0
"1636","yeaG",1,0,0
"1637","ybaQ",0,1,0
"1638","chaB",1,0,0
"1639","dcrB",0,1,0
"1640","sapF",0,1,0
"1641","ypfJ",0,1,0
"1642","ycaN",0,1,0
"1643","yggE",0,1,0
"1644","yjjV",0,1,0
"1645","yohC",0,1,0
"1646","yaeR",0,1,0
"1647","yjbJ",1,0,0
"1648","ssuC",1,0,0
"1649","ssuA",1,0,0
"1650","narK",1,0,0
"1651","ssuE",1,0,0
"1652","degP",1,0,0
"1653","ydeM",1,0,0
"1654","metB",1,0,0
"1655","mazG",1,0,0
"1656","yfiR",1,0,0
"1657","rpmI",1,0,0
"1658","nuoM",1,0,0
"1659","pbpG",0,1,0
"1660","ygjK",0,1,0
"1661","cysI",1,0,0
"1662","holE",0,1,0
"1663","dmsC",1,0,0
"1664","dppF",1,0,0
"1665","thiG",0,1,0
"1666","thiF",0,1,0
"1667","thiH",0,1,0
"1668","thiE",0,1,0
"1669","cpxP",1,0,0
"1670","thiC",1,0,0
"1671","thiS",0,1,0
"1672","sohB",1,0,0
"1673","bioD",0,1,0
"1674","yneJ",0,1,0
"1675","mltD",0,1,0
"1676","gnsB",0,1,0
"1677","accC",1,0,0
"1678","ycaP",0,1,0
"1679","ycaD",0,1,0
"1680","yegP",0,1,0
"1681","ubiX",1,0,0
"1682","allB",1,0,0
"1683","kch",0,1,0
"1684","cspE",1,0,0
"1685","yegZ",0,1,0
"1686","tadA",1,0,0
"1687","amiA",1,0,0
"1688","carB",1,0,0
"1689","ampG",0,1,0
"1690","cysB",1,0,0
"1691","uxaB",1,0,0
"1692","cysP",1,0,0
"1693","ykiA",0,1,0
"1694","yfeR",0,1,0
"1695","araH",1,0,0
"1696","yahK",0,1,0
"1697","ybiO",0,1,0
"1698","yohF",0,1,0
"1699","ydeI",0,1,0
"1700","pphA",1,0,0
"1701","gcl",1,0,0
"1702","yghA",0,1,0
"1703","ydfE",0,1,0
"1704","ldcC",1,0,0
"1705","ydeJ",1,0,0
"1706","yrbL",1,0,0
"1707","dsdX",1,0,0
"1708","asnB",1,0,0
"1709","ssnA",1,0,0
"1710","dppD",1,0,0
"1711","bglB",1,0,0
"1712","ygiV",0,1,0
"1713","yhjD",0,1,0
"1714","ybhP",0,1,0
"1715","yncG",0,1,0
"1716","ybcM",0,1,0
"1717","yqjK",0,1,0
"1718","gntP",1,0,0
"1719","artJ",1,0,0
"1720","yqcA",0,1,0
"1721","yibJ",0,1,0
"1722","frmB",0,1,0
"1723","uxuA",1,0,0
"1724","argD",1,0,0
"1725","lpxC",1,0,0
"1726","ydjF",0,1,0
"1727","dksA",1,0,0
"1728","uidA",1,0,0
"1729","ompA",1,0,0
"1730","ydgC",0,1,0
"1731","pcm",0,1,0
"1732","ymgD",0,1,0
"1733","argR",1,0,0
"1734","ychN",0,1,0
"1735","caiF",1,0,0
"1736","narQ",0,1,0
"1737","yibA",0,1,0
"1738","yahB",0,1,0
"1739","mtlA",1,0,0
"1740","ygjR",0,1,0
"1741","yfjD",0,1,0
"1742","dgkA",0,1,0
"1743","ybjQ",0,1,0
"1744","dctA",1,0,0
"1745","soxR",1,0,0
"1746","ftsX",0,1,0
"1747","glyS",0,1,0
"1748","yddM",0,1,0
"1749","def",0,1,0
"1750","ydcH",0,1,0
"1751","yhfG",0,1,0
"1752","xylA",1,0,0
"1753","nanT",1,0,0
"1754","sbp",0,1,0
"1755","ytfH",0,1,0
"1756","sixA",1,0,0
"1757","yeiQ",0,1,0
"1758","mgtA",1,0,0
"1759","ugpQ",1,0,0
"1760","aceA",1,0,0
"1761","ydcT",1,0,0
"1762","rpoN",1,0,0
"1763","arcB",0,1,0
"1764","dppB",1,0,0
"1765","aceB",1,0,0
"1766","ugd",0,1,0
"1767","dnaX",0,1,0
"1768","ftsI",1,0,0
"1769","iscS",1,0,0
"1770","dppA",1,0,0
"1771","glgP",1,0,0
"1772","yfbV",0,1,0
"1773","yfeY",0,1,0
"1774","ygiN",0,1,0
"1775","yibH",0,1,0
"1776","trxB",1,0,0
"1777","ypdC",0,1,0
"1778","araG",1,0,0
"1779","nanA",1,0,0
"1780","yggN",0,1,0
"1781","yciW",1,0,0
"1782","csiE",1,0,0
"1783","yeeY",0,1,0
"1784","nagE",0,1,0
"1785","yfcH",0,1,0
"1786","rob",1,0,0
"1787","yaiO",0,1,0
"1788","gltS",0,1,0
"1789","nlpC",0,1,0
"1790","ytfB",0,1,0
"1791","xylB",1,0,0
"1792","fic",0,1,0
"1793","ybhL",1,0,0
"1794","hns",1,0,0
"1795","yihI",0,1,0
"1796","rhaD",1,0,0
"1797","yhjB",0,1,0
"1798","ybiI",1,0,0
"1799","yniB",0,1,0
"1800","yqiB",0,1,0
"1801","mtlD",1,0,0
"1802","ubiF",0,1,0
"1803","hycI",1,0,0
"1804","folA",1,0,0
"1805","folX",0,1,0
"1806","yhhT",0,1,0
"1807","ybdK",0,1,0
"1808","kdpE",0,1,0
"1809","rhsA",0,1,0
"1810","fabB",1,0,0
"1811","fur",1,0,0
"1812","ycgN",0,1,0
"1813","yiiM",0,1,0
"1814","leuL",1,0,0
"1815","ydiO",0,1,0
"1816","cpdA",0,1,0
"1817","yiiR",0,1,0
"1818","yeeO",0,1,0
"1819","ygbK",1,0,0
"1820","ribC",0,1,0
"1821","ribB",0,1,0
"1822","ytfQ",0,1,0
"1823","yghB",0,1,0
"1824","yifL",0,1,0
"1825","garK",1,0,0
"1826","yqgA",0,1,0
"1827","yfgI",0,1,0
"1828","ftsL",1,0,0
"1829","yejA",0,1,0
"1830","talB",0,1,0
"1831","ubiA",1,0,0
"1832","ydcA",0,1,0
"1833","ydcK",1,0,0
"1834","lrhA",0,1,0
"1835","rhsB",0,1,0
"1836","thrL",1,0,0
"1837","treF",0,1,0
"1838","yjgA",0,1,0
"1839","yfhM",0,1,0
"1840","mioC",1,0,0
"1841","rpmE",0,1,0
"1842","lpp",1,0,0
"1843","ubiG",1,0,0
"1844","yiaF",0,1,0
"1845","slyA",0,1,0
"1846","yfdE",1,0,0
"1847","ycgI",0,1,0
"1848","galR",1,0,0
"1849","ycbJ",0,1,0
"1850","ytfR",0,1,0
"1851","gor",1,0,0
"1852","ygjH",0,1,0
"1853","clpP",1,0,0
"1854","yeaY",0,1,0
"1855","yoaC",1,0,0
"1856","yibI",0,1,0
"1857","nagB",0,1,0
"1858","yafQ",1,0,0
"1859","rna",0,1,0
"1860","cmtA",0,1,0
"1861","yjiJ",0,1,0
"1862","kdpD",0,1,0
"1863","ycaL",0,1,0
"1864","helD",0,1,0
"1865","yaiT",0,1,0
"1866","rtcB",1,0,0
"1867","setA",1,0,0
"1868","uidC",1,0,0
"1869","psd",1,0,0
"1870","uidB",1,0,0
"1871","yqhC",0,1,0
"1872","yraJ",0,1,0
"1873","hemL",1,0,0
"1874","yecH",0,1,0
"1875","eutB",0,1,0
"1876","ycaI",0,1,0
"1877","eutC",0,1,0
"1878","yphA",0,1,0
"1879","ybdD",0,1,0
"1880","lacA",1,0,0
"1881","ygfB",0,1,0
"1882","tam",1,0,0
"1883","ydcY",0,1,0
"1884","ispZ",0,1,0
"1885","yihS",0,1,0
"1886","yidQ",1,0,0
"1887","yajD",0,1,0
"1888","ada",1,0,0
"1889","uxaA",1,0,0
"1890","greB",0,1,0
"1891","yafC",0,1,0
"1892","ptsN",1,0,0
"1893","ilvL",1,0,0
"1894","phoR",1,0,0
"1895","rbn",1,0,0
"1896","ugpE",1,0,0
"1897","uvrA",1,0,0
"1898","pgpA",1,0,0
"1899","yabI",0,1,0
"1900","argG",1,0,0
"1901","acpP",1,0,0
"1902","frr",0,1,0
"1903","crp",1,0,0
"1904","fldB",1,0,0
"1905","feaR",1,0,0
"1906","fucU",1,0,0
"1907","intB",0,1,0
"1908","ydcS",1,0,0
"1909","glk",1,0,0
"1910","slyD",0,1,0
"1911","yhhW",0,1,0
"1912","garP",1,0,0
"1913","norV",1,0,0
"1914","yfeS",1,0,0
"1915","csrA",1,0,0
"1916","hfq",1,0,0
"1917","frmA",0,1,0
"1918","marA",1,0,0
"1919","rprA",1,0,0
"1920","phoP",1,0,0
"1921","rclB",0,1,0
"1922","tsuA",0,1,0
"1923","tsuB",0,1,0
"1924","hiuH",1,0,0
"1925","msrP",1,0,0
"1926","msrQ",1,0,0
"1927","yjgH",0,1,0
"1928","bdcA",1,0,0
"1929","yfcF",0,1,0
"1930","recN",1,0,0
"1931","nfo",1,0,0
"1932","hscA",0,1,0
"1933","iscX",0,1,0
"1934","cbl",1,0,0
"1935","cysC",1,0,0
"1936","cysH",1,0,0
"1937","cysA",1,0,0
"1938","cysW",1,0,0
"1939","bhsA",1,0,0
"1940","ldtC",1,0,0
"1941","comR",0,1,0
"1942","kefC",0,1,0
"1943","tcyN",0,1,0
"1944","msrP",1,0,0
"1945","msrQ",1,0,0
"1946","cynT",1,0,0
"1947","cynS",1,0,0
"1948","cynX",1,0,0
"1949","yqhG",1,0,0
"1950","arnB",0,1,0
"1951","yjcH",1,0,0
"1952","trpC",1,0,0
"1953","cspB",1,0,0
"1954","ygeY",0,1,0
"1955","hyuA",0,1,0
"1956","xdhD",0,1,0
"1957","flu",1,0,0
"1958","ygfM",0,1,0
"1959","mokA",0,1,0
"1960","ygeX",0,1,0
"1961","cspB",1,0,0
"1962","fimF",1,0,0
"1963","ygaY",0,1,0
"1964","ttcC",0,1,0
"1965","ompF",1,0,0
"1966","puuA",1,0,0
"1967","yceK",0,1,0
"1968","uspG",0,1,0
"1969","xanP",0,1,0
"1970","ymdF",0,1,0
"1971","cbpM",1,0,0
"1972","yncL",0,1,0
"1973","metH",1,0,0
"1974","wcaF",0,1,0
"1975","waaH",1,0,0
"1976","ytfF",0,1,0
"1977","btsT",1,0,0
"1978","hyfD",1,0,0
"1979","rutD",1,0,0
"1980","aas",0,1,0
"1981","trmJ",0,1,0
"1982","tmk",0,1,0
"1983","pspF",0,1,0
"1984","yfaX",0,1,0
"1985","oxyR",1,0,0
"1986","btsT",1,0,0
"1987","glnQ",1,0,0
"1988","ddpF",1,0,0
"1989","ydeN",1,0,0
"1990","yeaV",0,1,0
"1991","fruB",1,0,0
"1992","focB",1,0,0
"1993","lgoT",0,1,0
"1994","ivy",0,1,0
"1995","yaiY",1,0,0
"1996","ldtB",0,1,0
"1997","ycfJ",0,1,0
"1998","ydcF",0,1,0
"1999","mgrB",0,1,0
"2000","letB",0,1,0
"2001","yodD",0,1,0
"2002","rcsD",1,0,0
"2003","hda",0,1,0
"2004","pgpC",1,0,0
"2005","kbp",1,0,0
"2006","ygaP",0,1,0
"2007","lplT",0,1,0
"2008","yhdN",1,0,0
"2009","yhiJ",0,1,0
"2010","yicN",0,1,0
"2011","psiE",1,0,0
"2012","yjcB",1,0,0
"2013","pdeC",1,0,0
"2014","qorB",0,1,0
"2015","bglJ",1,0,0
"2016","hisC",0,1,0
"2017","livK",1,0,0
"2018","tesA",0,1,0
"2019","trpD",1,0,0
"2020","tcyL",0,1,0
"2021","garD",1,0,0
"2022","garL",1,0,0
"2023","sgbH",1,0,0
"2024","uxuB",1,0,0
"2025","hcxB",0,1,0
"2026","rihA",0,1,0
"2027","rihC",0,1,0
"2028","ccmC",1,0,0
"2029","nohD",0,1,0
"2030","sbcB",0,1,0
"2031","insH10",0,1,0
"2032","insH11",0,1,0
"2033","insH3",0,1,0
"2034","insH4",0,1,0
"2035","insH5",0,1,0
"2036","insH6",0,1,0
"2037","insH7",0,1,0
"2038","insH8",0,1,0
"2039","insH9",0,1,0
"2040","dgcT",1,0,0
"2041","fabR",0,1,0
"2042","grcA",1,0,0
"2043","cdaR",0,1,0
"2044","alaE",1,0,0
"2045","yhcE",0,1,0
"2046","iraD",1,0,0
"2047","ymfL",0,1,0
"2048","ypdK",0,1,0
"2049","yjbT",0,1,0
"2050","livJ",1,0,0
"2051","malE",1,0,0
"2052","ghxP",0,1,0
"2053","ybdL",0,1,0
"2054","bssS",1,0,0
"2055","yibT",0,1,0
"2056","metL",1,0,0
"2057","metA",1,0,0
"2058","atoD",1,0,0
"2059","atoA",1,0,0
"2060","rhaA",1,0,0
"2061","ykgJ",0,1,0
"2062","ybiJ",0,1,0
"2063","azoR",0,1,0
"2064","yncJ",0,1,0
"2065","yhaK",0,1,0
"2066","pspG",1,0,0
"2067","chiX",0,1,0
"2068","ybeD",1,0,0
"2069","hspQ",1,0,0
"2070","norR",0,1,0
"2071","argH",1,0,0
"2072","sokX",0,1,0
"2073","micA",0,1,0
"2074","bssR",0,1,0
"2075","ldtE",0,1,0
"2076","fklB",0,1,0
"2077","tomB",1,0,0
"2078","chiP",1,0,0
"2079","chiQ",1,0,0
"2080","dgcZ",1,0,0
"2081","yoaI",0,1,0
"2082","hisL",1,0,0
"2083","yfgG",1,0,0
"2084","gcvB",1,0,0
"2085","ryhB",1,0,0
"2086","ydcV",1,0,0
"2087","patD",1,0,0
"2088","rhaS",1,0,0
"2089","crcB",0,1,0
"2090","feoA",1,0,0
"2091","fimB",1,0,0
"2092","lrp",1,0,0
"2093","nlpD",0,1,0
"2094","relB",0,1,0
"2095","relE",0,1,0
"2096","ruvA",0,1,0
"2097","sdiA",1,0,0
"2098","yajI",0,1,0
"2099","ybbC",0,1,0
"2100","ybcW",0,1,0
"2101","ycgJ",1,0,0
"2102","ycgL",0,1,0
"2103","ycgZ",1,0,0
"2104","ychE",0,1,0
"2105","ydcD",0,1,0
"2106","yefM",1,0,0
"2107","ygaC",1,0,0
"2108","yhhX",0,1,0
"2109","yiiF",0,1,0
"2110","lspA",1,0,0
"2111","nuoE",1,0,0
"2112","nuoF",1,0,0
"2113","pgk",1,0,0
"2114","rfbX",0,1,0
"2115","thyA",0,1,0
"2116","tktA",0,1,0
"2117","ybiW",0,1,0
"2118","yedF",0,1,0
"2119","accD",1,0,0
"2120","agaR",0,1,0
"2121","allR",0,1,0
"2122","chpS",1,0,0
"2123","cobU",1,0,0
"2124","corA",0,1,0
"2125","creA",1,0,0
"2126","cybB",0,1,0
"2127","dicA",0,1,0
"2128","dsrB",0,1,0
"2129","dtd",0,1,0
"2130","flxA",1,0,0
"2131","ftsE",0,1,0
"2132","ftsY",0,1,0
"2133","hipB",1,0,0
"2134","intF",0,1,0
"2135","mobA",0,1,0
"2136","mobB",0,1,0
"2137","ogrK",0,1,0
"2138","panD",1,0,0
"2139","pdxJ",0,1,0
"2140","ssb",1,0,0
"2141","sulA",1,0,0
"2142","tfaS",0,1,0
"2143","umuD",0,1,0
"2144","yacC",0,1,0
"2145","yciN",0,1,0
"2146","yebG",0,1,0
"2147","yedJ",0,1,0
"2148","yeiS",0,1,0
"2149","yfdK",0,1,0
"2150","yhaJ",0,1,0
"2151","yhbP",0,1,0
"2152","yhhM",0,1,0
"2153","yibL",0,1,0
"2154","yidB",0,1,0
"2155","yifN",0,1,0
"2156","yihD",1,0,0
"2157","yjaG",0,1,0
"2158","yjbD",0,1,0
"2159","yjdJ",0,1,0
"2160","yjjX",0,1,0
"2161","ymfK",0,1,0
"2162","ymgA",1,0,0
"2163","ynjH",1,0,0
"2164","yoaF",0,1,0
"2165","yoaH",0,1,0
"2166","yrdA",0,1,0
"2167","zipA",0,1,0
"2168","alaX",1,0,0
"2169","ansA",0,1,0
"2170","argQ",0,1,0
"2171","argZ",0,1,0
"2172","artI",1,0,0
"2173","artP",1,0,0
"2174","fbaA",1,0,0
"2175","glnS",1,0,0
"2176","glnW",1,0,0
"2177","gltT",1,0,0
"2178","gltU",1,0,0
"2179","gltV",1,0,0
"2180","gltW",1,0,0
"2181","ileT",1,0,0
"2182","ileU",1,0,0
"2183","leuW",1,0,0
"2184","lysQ",0,1,0
"2185","lysT",1,0,0
"2186","lysW",1,0,0
"2187","lysY",0,1,0
"2188","lysZ",0,1,0
"2189","metT",1,0,0
"2190","metU",1,0,0
"2191","nuoA",1,0,0
"2192","nuoB",1,0,0
"2193","oppA",1,0,0
"2194","pepQ",0,1,0
"2195","potC",0,1,0
"2196","pssA",0,1,0
"2197","rfaD",1,0,0
"2198","ribE",1,0,0
"2199","serT",1,0,0
"2200","thrV",1,0,0
"2201","tyrT",1,0,0
"2202","tyrV",1,0,0
"2203","yfdH",0,1,0
"2204","yfaZ",0,1,0
"2205","ampD",1,0,0
"2206","cueR",0,1,0
"2207","intR",0,1,0
"2208","priC",0,1,0
"2209","seqA",1,0,0
"2210","yajG",0,1,0
"2211","ytfP",0,1,0
